-proof	耐	1164
-times	回	586
Africa	阿	1295
Andromeda	奎	2932
Asia	亜	1809
Big Dipper	斗	1177
Bldg.	館	1478
Bldg. [old]	舘	2980
Buddha	仏	964
Buddhist priest	僧	982
Buddhist temple	寺	158
Chinese black pine	槙	2492
Chinese panpipe	笙	2628
Confucian	儒	1166
Dr.	博	47
England	英	1741
Esq.	様	933
Europe	欧	1699
Go	碁	1766
Hades	冥	2841
Heights	阪	1294
I	吾	17
I (one)	壱	457
I wonder	哉	2704
II	弐	355
Inst.	院	1304
Italy	伊	1161
Japanese Judas-tree	桂	198
Japanese cypress	桧	2495
Japanese cypress [old]	檜	2964
Japanese oak	楢	2493
Korea	韓	1647
Manchu dynasty	秦	2877
Mount	岡	1961
Mr.	殿	1805
Nara	奈	1094
No.	第	1239
Noh chanting	謡	1968
Oriental elm	椋	2474
Point	岳	1330
Point [old]	嶽	2987
Sanskrit ka	迦	2959
Shakyamuni Buddha	陀	2955
Shinto shrine	宮	1033
Sino-	漢	1578
Sung dynasty	宋	2215
T	唐	1157
Utamaro	麿	2894
V	伍	2967
V.I.P.	賓	511
Way	迪	2412
X	什	2968
Yamato	倭	2106
Zen	禅	1930
a	或	2091
a-un	狛	2343
abandon	棄	758
abbreviation	略	293
abdomen	腹	464
abet	援	1951
abide by	遵	2031
ability	能	2004
abolish	廃	1706
abounding	浩	2311
about that time	頃	2791
above	上	49
above-stated	該	1522
abrupt	俄	2110
abundant	裕	793
abuse	弊	1041
abyss	渕	2325
abyss [old]	淵	2966
accept	受	735
accept humbly	戴	2702
accidentally	偶	1955
accolade	頌	2794
accompany	従	877
accomplished	達	552
accumulate	累	1364
accusation	訴	1139
accustomed	慣	627
achievement	功	863
acid	酸	1437
acknowledge	認	598
acquiesce	承	1901
add	加	867
addiction	耽	2679
address	宛	1417
adhere	付	1000
adjusted	斉	1729
adjutant	佑	2126
admirable	偉	1643
admonish	警	336
adore	崇	1101
adroit	巧	1241
advance	進	561
advise	諏	2722
affair	件	959
affinity	縁	1372
affix	貼	2736
affixed	附	1303
afflicted	患	604
again	再	1815
age	齢	1403
aged woman	姥	2204
aggression	攻	330
aglow	晟	2438
agony	悶	2775
agreement	肯	374
agriculture	農	2014
aid	扶	839
aim at	狙	2344
air out	曝	2447
alienate	疎	1668
all	皆	449
alliance	盟	1450
alligator	鰐	2824
allot	充	761
almost	殆	2871
alms	施	1045
amass	蓄	1385
ambition	望	489
ambrosial	馨	2925
ancestor	祖	1779
ancestral shrine	祢	2601
ancestral tablet	祐	2599
anchor	錨	2765
ancient harp	筑	2637
and then	而	3006
angle	角	1812
angling	釣	273
angry	怒	703
animal	獣	1933
animal offspring	仔	2113
animal sacrifice	牲	1559
annexed	添	634
ant	蟻	2686
anti-	反	722
anus	肛	2459
anxiety	煩	163
apologize	謝	1250
appear	顕	1789
appellation	称	905
applaud	嘉	2852
apple	檎	2050
apple of the eye	眸	2580
apply	応	607
apprehend	逮	1160
apprehensive	畏	2569
approve	賛	843
apricot	杏	203
arc	弧	1878
ardent	烈	814
argument	論	1820
arm	腕	1418
armor	甲	1113
armpit	脇	870
armrest	肱	2469
army	軍	301
aroma	匂	2147
aroused	憤	1199
arrest	拘	654
arrival	到	755
arrogance	傲	3018
arrow shaft	箭	2636
arrowhead	鏑	2758
art	術	1525
artisan	匠	1693
as if	恰	2281
as is	侭	2125
ascend	登	1703
ashes	灰	168
assault	殴	1698
assemble	輯	2732
assets	資	473
assiduous	孜	2209
assistant	佐	952
association	組	1776
assortment	撰	2253
assurance	確	567
astray	迷	924
astringent	渋	1738
astute	慧	2851
atmosphere	雰	2028
attack	襲	2025
attend	仕	960
attentive	聡	2677
attire	装	398
attitude	態	2005
attract	惹	2429
attractive	嬌	430
audience	謁	452
augment	殖	811
augury	卜	2103
auspices	斡	2781
auspicious	祥	1088
authochthonous	坤	2184
authority	権	571
autumn	秋	900
awakening	醒	2750
awe	敬	334
awl	錐	2760
axe	斤	1125
axis	軸	1112
babble	唖	2958
baboon	狒	2346
back	裏	399
back [old]	裡	2973
backpack	笈	2644
bad	悪	1810
badge	章	433
bag	俵	1547
baggage	荷	1013
bake	焼	1200
balancing scales	秤	2604
bald	禿	2606
bale	梱	2518
ball	球	935
ballot	票	1606
bamboo	竹	937
bamboo blinds	簾	2630
bamboo cane	竺	2642
bamboo grass	笹	940
bamboo hat	笠	939
banana	蕉	2367
banner	幡	2232
banquet	宴	191
barbarian	蛮	1747
bargain	廉	1601
barking	吠	2170
barley	麦	1533
baron	爵	1463
barracks	屯	2033
barrel	樽	2506
bartending	酌	1429
bases	塁	1734
bash	叩	2166
basin	盆	1449
bathe	浴	789
bay	浦	1837
beach	岸	1653
beaded hairpin	琲	2963
beaming	皓	2934
bean jam	饅	2998
beans	豆	1440
bear	熊	2003
bear fruit	稔	2607
beard	髭	2047
beat	撃	709
beautiful woman	媛	1950
beauty	美	548
beckon	招	650
becoming/similar	似	1029
bed	床	592
bee	蜂	2687
before	先	248
beforehand	予	1593
beg	乞	462
beg pardon	詫	2721
beginning	元	59
beguile	惑	614
behind	後	1379
behind the scenes	蔭	2374
bell	鐘	438
bellflower	桔	2499
belong	属	1953
below	下	50
bemoan	歎	2859
bend	曲	1172
benefit	益	1881
benevolence	徳	885
bequeath	遺	1772
beseech	祷	2598
best regards	宜	1783
bestow	与	1246
bewitched	妖	2078
biased	僻	2117
bin	函	1902
birch	樺	2515
bird	鳥	1941
bitter	辣	3025
biwa	琵	2912
black	黒	174
black ink	墨	175
bladder	胱	2457
blade	刃	84
blame	責	1541
blaspheme	涜	2297
bleaching	晒	2444
blemish	垢	2187
blessing	福	1090
blind	盲	486
bliss	倖	2119
block letters	楷	3011
block up	塞	2214
blood	血	1448
blood relative	胤	2921
blossom	咲	2018
blow	吹	467
blue	青	1534
blue-black	黛	2864
blue-green	碧	2588
bluffs	崖	2227
bo tree	菩	2957
boar	猪	1262
board	搭	646
boast	誇	1244
boat	舟	1868
bodhisattva	薩	2956
body	体	957
body [old]	躯	2986
body cavity	腔	2465
boil	煮	1257
boisterous	騒	1985
bold	赳	2936
bomb	爆	1802
bond	債	1544
bonito	鰹	2822
book	本	211
bookmark	栞	2523
boom	盛	1457
bore	鑿	2066
borough/municipality	府	1002
borrow	借	1186
bosom	胸	1491
both	両	1168
bottom	底	1833
bough	枝	713
boulder	岩	770
boulder [old]	巌	2978
boulevard	街	890
boundary	境	484
bounding main	滉	2287
bountiful	豊	1443
bow	弓	1231
bowl	鉢	271
bowstring	弦	1386
box	箱	942
boy	坊	492
bracing	爽	2855
bracken	蕨	2405
brahman	梵	2954
brain	脳	1934
branch	支	711
branch off	岐	772
branding	烙	2545
brandish	揮	662
break	毀	2067
breath	息	610
breed	牧	329
brew	醸	1527
briar	茨	472
bribe	賄	80
bridegroom	婿	395
bridge	橋	429
bridle	轡	2965
briefcase	鞄	2785
bright	明	20
brimming	溢	2315
bring up	育	759
broaden	拡	740
brocade	錦	411
brown	褐	453
brush stroke	画	1170
brush tip	穎	2790
brushwood	柴	2044
bubble up	湧	2284
bubbles	泡	533
bucket	桶	2530
buckwheat	蕎	2369
bud	芽	1905
build	建	391
bull	的	69
bullet	弾	1931
bullhead	鰍	2823
bullying	苛	2373
bulrush	蒲	1838
bump into	撞	2245
bumper crop	穣	2609
bundle	束	1664
bungling	拙	769
burdensome	駄	1986
bureau	局	1066
bureaucrat	官	1271
burglar	賊	357
burn	燃	510
burnish	瑳	2559
bury	埋	179
bush clover	萩	2351
business/profession	業	1792
bustle	奔	1196
bustling	賑	2739
busy	忙	618
but of course	況	145
butchering	屠	2217
butterbur	蕗	2370
butterfly	蝶	521
buttocks	尻	2220
button	釦	2754
buy	買	831
by means of	以	1028
bystander	傍	1015
cadet	曹	1173
cage	篭	2638
cage [old]	籠	3028
calamity	禍	1291
calculate	算	946
calendar	暦	213
call	呼	1485
call on	訪	495
calm	穏	1147
camellia	椿	1569
camelopard	麟	2053
camp	陣	1305
camphor tree	楠	1614
can	可	93
canal	澪	2285
cancer	癌	2576
candle rush	莞	2408
candlelight	燭	2539
candy/confectionary	菓	1122
cane	杖	2504
cannon	砲	532
canopy	幌	410
cap	帽	408
cape	埼	153
capital	京	312
capital suburbs	畿	2887
capsize	覆	1611
captive	虜	1991
captured	囚	1018
car	車	286
carbuncle	瘍	3026
carefree	暢	2885
carillion	鉦	2770
carp	鯉	176
carpenter	矩	2585
carpet yarn	絨	2657
carrier	般	1871
carry	運	303
carve	彫	1710
cash	幣	1040
cast a spell	祟	2945
casting	鋳	1566
castle	城	362
cat	猫	244
catalpa	梓	1498
catch	捕	1836
catgut	絃	2669
cauldron	釜	2332
cause	因	583
cavern	窟	2615
cavity	孔	96
cedar	杉	1713
celebrate	祝	1089
censure	劾	1523
center	央	1740
centimeter	糎	2947
cereals	穀	917
ceremony	儀	984
chafe	摩	639
chain	鎖	1937
chair	椅	2480
challenge	挑	658
change	化	1008
chant	唱	21
chaos	沌	2326
chapter	課	1123
char	焦	557
character	字	185
charcoal	炭	771
chase	追	1268
chastise	討	340
chatter	喋	2158
cheat	騙	2806
check-up	診	1724
cheek	頬	2792
cheer	煕	3005
cheerful	快	1642
cherry tree	桜	1932
chess piece	棋	1763
chestnut	栗	1609
chew	噛	2172
chic	粋	925
chick	雛	2085
chicken	鶏	1947
chief	伯	967
chieftain	酋	2906
child	子	95
chime	琳	2554
chin	顎	2795
chink	隙	2426
chinstrap	紘	2662
chirp	鳴	1942
chivalry	侠	2107
choose	択	1074
chop	析	1126
chop off	斬	2092
chopsticks	箸	2640
chronicle	紀	1354
chrysanthemum	菊	927
churn up	撹	2257
cicada	蝉	2692
circle	円	1811
circling	廻	2886
circumference	周	317
circumspect	欽	3004
citron	柚	2486
citrus tree	柑	2482
city walls	邑	2180
clam	蛤	2695
clamor	喧	2163
clan	藩	1912
clap	拍	652
clasp	摯	3022
class	級	1353
claw	爪	727
clay	埴	2183
clean	浄	1155
cleanse	汰	2316
clear (the land)	拓	651
clear skies	晏	2442
clear up	晴	1538
cleaver	庖	2234
cleverness	敏	459
climate	候	1640
climax	至	753
clique	閥	1619
clod	塊	2024
close the eyes	瞑	2842
closed	閉	1623
clothing	服	1399
cloud	雲	423
cloudy weather	曇	424
cluster	鍾	2772
clutch	掴	2249
co-	協	872
coach	督	719
coarse	粗	1777
cocklebur	苓	2382
coconut tree	椰	2524
cocoon	繭	1880
cod	鱈	2819
code	典	1827
coffin	棺	1272
coin	銭	368
cold	寒	1526
collapse	陥	1315
collar	襟	1099
colleague	僚	1707
collector	蒐	2409
collide	衝	1680
color	色	1753
coloring	彩	1714
column	欄	1628
comb	櫛	2476
come	来	1884
come apart at the seams	綻	2670
comely	佼	2109
comet	彗	2850
comma-design	巴	2096
commander	帥	1270
commandment	戒	676
commence	始	747
committee	委	913
commoner	庶	1191
commonplace/comfortable	庸	1182
commotion	擾	2268
companion	朋	19
company	社	1092
compare	比	447
compensation	賠	476
compilation	編	1825
complete	了	97
complete a job	竣	2062
compliment	讃	2711
comrade	輩	1637
concave	凹	33
conceal	隠	1313
concentrated	濃	2015
concept	想	609
concerning	就	1969
concubine	妾	2622
concurrently	兼	1597
condolences	弔	1233
condone	侑	3002
confer	叙	1660
confront	抗	648
confused	錯	1185
congeal	凝	1412
conglomerate	叢	2895
congratulations	賀	868
conjecture	推	663
connection	関	2017
consent	諾	351
consider	考	1252
considerate	惇	2279
consign	託	1917
consolation	慰	1096
consort	伴	1203
conspire	謀	1760
constancy	恒	620
constitution	憲	1554
consult with	諮	475
consume	喫	1550
consummate	遂	540
contact	触	1813
contain	容	790
contend	争	1154
continent	洲	2289
continue	続	1345
contraption	械	677
contrast	較	1277
control	轄	1552
convenience	便	991
convex	凸	34
conveyor	搬	1873
cook	炊	468
cool	冷	1404
copious	彬	2529
copper	銅	272
copy	写	1247
coral	珊	2561
coral reef	瑚	2562
cord	索	1365
core	奥	928
cormorant	鵜	2832
corner	隅	1958
cornerstone	礎	394
corpse	屍	2222
correct	正	379
corridor	廊	1852
cosmetics	粧	923
cottage	舎	316
cotton	綿	1367
cough	咳	2162
counsel	詢	2705
countenance	貌	2733
counter for tools	挺	2267
counterfeit	贋	2151
country	国	581
country [old]	國	2988
county	郡	1843
courage	勇	1407
courtesan	妓	2199
courtesy	鄭	2425
courts	廷	508
courtyard	庭	590
cover over	蔽	2358
covet	貪	3023
cow	牛	245
cowardice	臆	2460
crab	蟹	2682
crabgrass	稗	2608
craft	工	76
crag	磐	2586
cram school	塾	309
cramped	狭	1266
crane	鶴	1943
crash	墜	1307
crawl	這	2414
create	造	281
creek	江	139
crime	犯	1414
crimson	紅	1355
criticism	批	649
critters	疋	2098
crock	壷	2904
crossing	辻	279
crow	烏	1944
crowd	聚	2939
crowded	込	780
crown	冠	304
crucian	鮒	2825
crude	朴	207
cruel	酷	1431
crumble	崩	774
cry	泣	432
cryptomeria	椙	2528
crystal	璃	2048
crystal stone	瑛	2566
cultivate	培	477
cultured	郁	2424
cumulation	溜	2324
cunning	狡	2337
cupfuls	杯	1219
current	流	764
curriculum	歴	376
curse	呪	2169
curtain	幕	409
cut	切	85
cylinder	筒	944
cyst	嚢	2883
dainty	細	1363
dairy products	酪	1433
dam	堰	2191
damage	損	666
damask	綾	2668
damp	湿	1788
damson	李	2511
dance	舞	1774
dangerous	危	1416
dangle	吊	2171
daring	敢	826
darken	蒙	2384
darkness	暗	480
darning	繕	1335
dart	矢	1220
daughter	娘	1471
dawn	曙	2448
day	日	12
daybreak	暁	1201
daytime	昼	1075
dazzling	燦	2543
deafness	聾	2983
deal with	捌	2256
death	死	815
decameron	旬	67
decay	朽	1243
deceased	亡	485
deceit	欺	1762
decide	決	1641
decline	衰	1890
decorate	飾	1477
decrease	耗	1914
dedicate	捧	2265
deep	深	1328
deer	鹿	1999
defeat	負	63
defense	衛	1646
defer	譲	1528
defile	潰	2319
degenerate	堕	1314
degrees	度	1194
deliberation	議	642
delicate	微	889
delicious	旨	455
delight	歓	570
deliver	届	1110
deluge	洪	1799
delusion	妄	487
demand	需	1165
demolition	壊	400
den	洞	181
departed	逝	1132
department	科	1179
deposit	預	1595
depressed	欝	2856
depression	窪	1323
derision	嘲	2155
descend	降	1308
descendants	昆	448
design	柄	1021
desk	机	210
despicable	賎	2735
despondent	厭	2149
destitution	乏	1215
destroy	滅	365
detach	離	1492
detailed	詳	550
detain	留	1423
determine	定	382
detour	迂	2415
deviate/elude	逸	1973
dew	露	1283
diagonal	斜	1662
diameter	径	882
diamond	菱	1517
diarrhea	痢	1687
difference	違	1644
difficult	難	1580
dig	掘	1061
dike	堤	390
dilate	脹	1923
diligence	勤	1577
dilute	薄	227
dining tray	膳	2468
direction	方	490
director	司	1863
dirty	汚	1245
disaster	災	167
discard	捨	655
discharge	発	1705
discipline	修	1722
disclose	啓	1085
disconcerted	慌	624
discontinue	絶	1754
discreet	謹	1576
discriminating	識	482
discuss	談	350
disguise	扮	2246
dish	皿	1447
dislike	嫌	1598
dispatch	遣	1773
display	呈	262
dispose	処	297
disquieting	惧	3015
disseminate	播	2262
dissolve	融	1044
distant	遠	402
distinction	差	554
distract	紛	1358
distress	愁	901
distribute	配	1436
disturb	妨	491
ditch	堀	1062
ditch reed	葦	2411
dither	躇	2994
divide	剖	478
dizzy	眩	2581
do	為	1918
doctor	医	1694
document	誌	601
dog	犬	238
domburi	丼	2884
domesticate	飼	1866
don	着	555
donkey	驢	2810
door	戸	1076
dormitory	寮	1708
dose	剤	1730
doth	致	756
double	倍	992
doubt	疑	1410
douse	沐	2293
downspout	樋	2520
draft	稿	892
drag	曳	2848
dragon	竜	536
dragon [old]	龍	2981
drama	劇	1997
draw near	寄	192
draw water	汲	2322
dreadful	怖	623
dream	夢	305
drench	濡	2329
dribble out	洩	2849
dried meat	脩	2130
drift	漂	1607
drill	穿	2616
drink	飲	1474
drip	滴	442
drive	駆	1983
droop	垂	1582
drought	乾	463
drown	没	707
drowning	溺	2308
drowsy	睡	1583
drum	鼓	1444
drunk	酔	1435
dry	干	1648
dry field	畠	2916
dry weather	旱	2441
dugout	壕	2186
dull	鈍	1495
dumbfounded	呆	2181
duplicate	複	465
dusk	昏	2451
dust	塵	2838
duty	役	884
dwell	住	954
dwindle	減	366
dye	染	509
each	各	291
eagle	鷲	2834
ear	耳	818
ear (of a plant)	穂	909
early	早	26
earlybird	夙	2141
earnings	稼	893
ease/sane	康	1159
east	東	504
easy	易	1051
eat	食	1472
eaves	宇	1656
ebisu	夷	2881
echo	響	1850
eclipse	蝕	2800
ecstasy	悦	619
eddy	淀	2330
edge	端	1167
eel	鰻	2811
effulgent	旺	2450
egg	卵	1422
eggplant	茄	2372
ego	我	640
eight	八	8
elation	欣	2888
elbow	肘	2464
elder brother	兄	103
elder sister	姉	413
elect	選	1804
electricity	電	535
elementary	素	1532
elephant	象	1976
elevate	昂	2449
ellipse	楕	2531
elucidate	詮	2717
elude	遁	2416
embarrass	辱	2009
embrace	抱	645
embroidery	繍	2665
embryo	胚	2458
emigrant	僑	2120
eminent	卓	51
emotion	感	615
empathetic	敦	2931
emperor	皇	261
employ	雇	1083
employee	員	56
empress	后	1861
empty	空	1317
emulate	倣	979
enclosure	郭	1842
encompassing	奄	2055
encounter	遭	1174
encourage	励	866
encroach	侵	1148
end	終	1352
endure	忍	597
enemy	敵	443
engrave	刻	1521
enjoyment	槃	2522
enlarge	恢	2282
enlightenment	悟	622
enroll	籍	1567
enshrine	祀	2992
enter	入	779
entertain	興	1426
entice	誘	916
entrails	臓	851
entreat	肴	2896
entrust	嘱	1954
entwine	絡	1350
envious	羨	553
environs	辺	284
envy	嫉	2202
epidemic	疫	1689
equal	匹	1695
equestrian	騎	1981
equilibrium	衡	891
equip	備	1183
equivocal	曖	2437
erect	架	869
erection	勃	2858
erupt	噴	1197
escape	逃	283
escort/send off	送	2016
escutcheon	楯	2513
est	也	2094
establishment	設	708
esteem	尚	184
etc.	等	945
eternity	永	132
ethics	倫	1821
evade	避	1501
evaluate	評	1487
even	平	1484
evening	夕	109
eventide	汐	110
evergreen oak	樫	2491
every	毎	458
everywhere	遍	1824
evidence	証	380
evil	兇	2853
exam	校	1278
examination	検	1673
example	例	972
exceedingly	頗	2793
excel	秀	914
excellent	佳	970
exchange	替	842
exclamation	耶	2680
exclude	除	1658
excrement	糞	2653
excuse	免	1972
exertion	勉	1975
exhaust	尽	1071
exhausted/tired	疲	1688
exhibit/line up	陳	1301
exhort	奨	732
exist	在	685
exit	出	767
exorcism	祓	2993
expand	伸	1118
expecting	孕	2208
expense	費	1238
expert	師	1269
explanation/interpretation	釈	1908
exploits	績	1542
expose	披	805
exquisite	妙	123
extensive	宏	2212
extent	程	894
extinguish	消	144
extract	抄	647
extremity	末	217
eye	目	15
eyeball	眼	1467
eyebrow	眉	2583
fabricate	築	950
fabrication	涅	2331
face	顔	1717
face-up	仰	1701
faction	派	1855
failure	敗	331
fair	娃	2200
faith	信	969
fall	落	299
fallible	謬	2720
falsehood	偽	1919
familiarity	誼	2719
family crest	紋	1727
family name	氏	1828
fan	扇	1079
fanning	煽	2540
far off	遥	2418
fare	賃	1004
farm	畑	166
fart	屁	2218
fascination	魅	2023
fasten	括	661
fat	脂	456
fate	命	1400
father	父	1274
father-in-law	舅	2064
fathom	測	149
favor	恵	612
fear	恐	613
feast	饗	2799
feathers	羽	573
fed up	倦	2108
fee	料	1178
feed	餌	2797
feelings	情	1537
feet	呎	2953
felicitation	禎	2603
fell	伐	994
female animal	牝	2551
feminine/female	雌	563
fence	塀	1056
fend off	禦	2597
fermentation	酵	1430
fertilizer	肥	1756
fervent	篤	1988
few	少	106
fib	嘘	2167
fiber	維	1341
fiddle with	翫	2899
fierce	猛	1456
fight	闘	1629
figure	姿	474
file	列	812
filial piety	孝	1253
filter	漉	2304
fine	緻	3020
finger	指	659
finish	済	1731
fire	火	161
firing	煉	2542
first day of the month	朔	2846
first time	初	404
firstborn son	惣	2432
fish	魚	171
fish fin	鰭	2827
fishguts	乙	71
fishing	漁	172
fist	拳	2917
fit	合	253
fit into	嵌	2229
five	五	5
flames	焔	2546
flash	閃	2774
flat	坦	2188
flats	軒	1652
flavor	味	219
flea	蚤	2681
flexed	勾	2148
flip	翻	1911
floating	浮	730
flock	群	1163
flour	粉	920
flourish	栄	326
flower	花	1009
flower pot	瓶	1032
fluid	液	1038
flustered	狽	2340
flute	笛	1111
fly	飛	1887
focus	省	124
foe	仇	2114
fog	霧	1228
foil	箔	2634
fold	折	1130
folding screen	屏	2223
follow	随	1298
fond	好	99
foolish	愚	1957
foot of a mountain	麓	2839
footgear	履	1057
foothold	拠	669
footnote	註	2727
forces	勢	1515
ford	渉	372
forehead	額	295
forest	森	197
forge	鍛	1860
forget	忘	596
fork in a road	俣	2127
forked	叉	2914
formerly	曽	501
formidable	勁	2990
fort	砦	2045
fortunate	瑞	2563
fortune-telling	占	48
foster	養	1479
founding	肇	2893
four	四	4
fowl	禽	2049
fox	狐	2342
foxtail millet	粟	2654
fragile	脆	2462
fragrant	薫	1681
frame	枠	200
freight	貨	1010
frequently	屡	2221
fresh	鮮	551
friend	友	704
frog	蛙	2693
frolic	戯	1994
from	乃	686
front door	扉	1638
frost	霜	426
frozen	凍	506
frugal	倹	1674
fruit	果	1121
fuel/firewood	薪	1503
full	満	1169
fundamentals	基	1767
fur	毛	1913
furball	毬	2533
furrow	畝	1017
furthermore/waver	猶	1438
fuse metal	熔	2547
gain	得	876
gall bladder	胆	31
gallop	駈	2809
gamble	賭	1264
game-hunting	猟	1940
garden	苑	1419
gargle	漱	2288
garlic	蒜	2404
garment	衣	396
gates	門	1616
gather	集	559
gauze	羅	1342
general	総	1366
generation	世	28
genesis	創	1631
genius	才	681
gentle	妥	728
gentleman	士	319
genuine	純	1494
germ	菌	918
germinate	萌	2377
get	貰	2737
ghee	醐	2749
ghost	鬼	2019
gigantic	巨	856
gimp	綬	2672
giraffe	麒	2840
girder	桁	2483
gist	趣	820
give	呉	1897
give up	諦	2716
gland	腺	2466
glimpse	瞥	2927
glistening	洸	2286
glitter	暉	2440
gloom	鬱	3030
glossary	彙	2997
glossy	艶	1755
go smoothly	亨	3001
go upstream	遡	2847
go-between	仲	956
godown	倉	1630
gods	神	1119
going	行	873
gold	金	269
gone	去	750
good	良	1468
good luck	吉	320
goods	品	23
goodwill	款	1097
gorge	峡	1265
gorgeous	絢	2664
gossamer	紗	2673
gossip	噂	2161
gouge out	抉	2274
gourd	瓢	2911
government office	庁	591
grab	采	2090
grace	恩	606
graceful	淑	721
gracious	雅	1907
grade	段	1859
gradually	徐	1659
graduate	卒	1025
graft	賂	2738
grain rake	杷	2501
grains	粒	922
grains of sand	沙	2296
grandchild	孫	1393
grandpa	爺	2334
grant	賜	1052
grape	葡	2378
grape vine	萄	2379
grapnel	碇	2587
grasp	把	1752
grass	草	224
grassy reed	茅	2385
grate	擦	1104
grave	墓	231
greatness	傑	999
green	緑	1371
grind	磨	594
grindstone	砥	2590
grip	握	1059
grope	探	1327
ground	地	515
groundbreaking	墾	1971
group	団	582
grove	林	196
grow late	更	694
grow plentiful	蔚	2406
grow wild	蕃	2381
grudge	怨	1420
guard	守	186
guess	察	1103
guest	客	294
guidance	導	278
guilt	罪	1636
gulf	湾	1749
gun	銃	762
gunwale	舷	2675
gushing	渾	2295
gutter	溝	1819
guy	奴	702
hackberry	榎	2514
hackneyed	套	2901
haiku	俳	1633
hair of the head	髪	1924
halberd	矛	1225
half	半	1202
halo	暈	2439
halt	停	977
hammer	鎚	2769
hand	手	637
handle	扱	690
handmaiden	婢	2196
handsaw	鋸	2759
hang	掛	674
hanging scroll	幅	407
hanker	憬	3016
happenstance	故	333
happiness	幸	1505
harbor	港	1800
hard up	窮	1326
harden	固	580
harlot	娼	2198
harm	害	1551
harmony	和	897
harp	琴	1591
harvest	穫	908
hatchet	斧	2333
hate	憎	626
haven	津	328
hawk	鷹	2237
hawser	綱	1963
hawthorn	莉	2349
hay	芻	2084
haze	霞	2779
hazel	榛	2475
he	彼	883
head	頭	1441
headland	岬	1115
heal	療	1709
healing	癒	2037
healthy	健	974
hear	聞	1626
hearing	審	1910
heart	心	595
hearth	炉	1080
heat	熱	1516
heaven-high	喬	2104
heavens	天	428
heavy	重	1675
hedge	垣	154
hegemony	覇	1895
heir	嗣	1867
helmet	兜	2854
help	助	1782
helping hand	丞	2919
hem	裾	2624
hemlock	栂	2488
hemorrhoids	痔	2575
hemp	麻	593
hermit	仙	986
hermitage	庵	2056
heron	鷺	2833
hesitate	躊	2996
hibernation	蟄	2684
hide	匿	1692
high mountain	峨	2226
high-reaching	嵩	2224
highness	陛	1310
hill	丘	1329
hillock	塚	1039
hinder	障	1297
hinge	枢	1697
hire	傭	2128
history	史	692
hit	当	1153
hoarse	喝	454
hoe	鍬	2762
hoist	揚	664
hold	持	660
hole	穴	1316
holed gem	璧	3021
hollow reed	芦	2364
holly	柊	2485
hollyhock	葵	2391
holy	聖	825
home	宅	1916
home country	邦	1848
home town	郷	1849
homecoming	帰	1230
hone	琢	2560
honey	蜜	776
honorable	御	1398
hooch	酎	2748
hoof	蹄	2741
hop	跳	1284
hope	希	1489
horizon	涯	157
horizontal	緯	1645
horse	馬	1978
horse chestnut	栃	514
horse mackerel	鯵	2818
hot water	湯	546
house	家	541
housefly	蝿	2685
how many	幾	1381
however	但	953
hug	擁	1387
humanity	仁	988
humiliate	羞	3029
humility	慎	630
hump	隆	1561
hundred	百	38
hundred million	億	983
hungry	飢	1475
hunt	狩	243
hurry	急	1146
husband	夫	838
husk	殻	710
icicle	氷	131
idea	意	608
ill	病	1682
illuminate	照	170
illustrious	碩	2593
imitation	模	229
immaculate	淳	2318
immature	稚	896
immediate	頓	2788
immense	厖	2089
immersed	浸	1149
imminent	拶	2261
impart	授	736
imperial authority	稜	2610
imperial edict	詔	342
imperial order	勅	1667
imperial seal	璽	2075
imply	寓	2211
impress	捺	2250
in	中	39
in front	前	290
in the nick of time	愈	2433
incandescent	赫	2908
incense	香	911
inch	吋	2952
incision	截	2703
include	含	1588
income	収	1510
increase	増	502
incur	被	807
indecent	猥	2336
indications	徴	887
indigo	藍	2371
individual	個	973
infancy	幼	1378
infatuation	惚	2277
inferiority	劣	862
inflammation	炎	162
inflation	騰	1989
ingest	喰	2182
inherit	継	1370
inkstone	硯	2589
inmost	衷	1891
inn	宿	995
inquire	尋	1145
inscription	銘	275
insect	虫	517
insert	挿	1116
inside	内	1019
insinuate	仄	2153
inspection	視	1093
instant	即	1462
instantaneously	忽	2431
instead	却	1395
instruction	訓	341
insult	罵	2699
integrity	侃	2123
intelligent	賢	852
intention	志	600
inter-	相	209
intercept	遮	1192
interchange	換	1043
interment	葬	816
interpretation	揖	2263
interrogative	那	2960
interval	間	1620
interview	遇	1956
intestines	腸	544
intimate	睦	1514
intimidate	威	364
introduce	紹	1359
intuition	勘	1769
inundate	湛	2317
invariably	必	635
inverted	逆	1959
investigate	査	1781
iris	菖	2366
iron	鉄	846
irrigate	沃	2079
island	島	1948
island [alternate]	嶋	2976
isolate	隔	1312
itch	痒	2572
item	箇	2029
jade green	翠	2863
jail	牢	2213
jammed in	介	250
jasmine	茉	2348
javelin	鑓	2767
jealous	妬	2195
jet	玖	2565
jewel	玉	256
jeweled hairpin	珈	2962
join	併	1030
journey	往	880
jubilation	慶	2001
judgment	判	1205
jump	踊	1409
junior	徒	878
jurisdiction	領	1405
just so	是	388
juvenile	童	436
kalpa	劫	2857
keg	銚	2755
key	鍵	2761
kick	蹴	2742
kidnap	拐	656
kidney	腎	2453
kill	殺	1493
kiln	窯	1325
kilometer	粁	2946
kindle	焚	2537
king	王	255
kitchen	厨	2152
kitchen stove	竃	2617
kite	凧	2139
kite falcon	鳶	2836
knee	膝	2461
kneel	跪	2745
know	知	1223
kudzu	葛	2398
label	牒	2926
labor	労	860
lack	欠	466
lacquer	漆	932
lad	彦	1716
ladder	梯	2479
ladle	勺	68
lady	婦	1151
lagoon	潟	2039
laid waste	荒	488
lake	湖	148
lament	悼	621
lamp	灯	165
lamp [old]	燈	2972
lance	槍	2516
land	陸	1513
lapel	衿	2623
lapis lazuli	琉	2557
large	大	107
large goose	鴻	2313
large hill	阜	2928
lass	嬢	1530
last day of the month	晦	2452
lastly	畢	2570
lathe	挽	2244
laugh	笑	938
laundry	濯	577
lazy	惰	629
lead (metal)	鉛	794
leader	将	731
leaf	葉	228
leak	漏	1068
lean	傾	1011
leap	躍	1285
learn	習	574
leather	革	1893
lecture	講	1816
leech	蛭	2696
leek	韮	2081
lees	糟	2649
left	左	77
leg	足	1279
legitimate wife	嫡	440
leisure	閑	1625
lend	貸	1007
length	丈	691
lengthen	張	1921
let it be	爾	2074
level	均	160
levy	賦	378
lewd	淫	2298
license	允	765
licensed quarters	廓	2235
lick	嘗	2870
lid	蓋	2388
lie	詐	1141
lie down	寝	1150
life	生	1555
lightly	軽	717
lightning-bug	蛍	518
likeness	如	100
limb	肢	714
limit	限	1466
limpid	晃	2446
line	線	1339
lineage	系	1391
lined kimono	袷	2625
linen	布	405
liner	舶	1869
link up	繋	2655
lion	獅	2345
lips	唇	2013
listen	聴	827
little	小	105
livelihood	暮	232
lively	活	143
liver	肝	1649
livestock	畜	1384
livraison	篇	2645
load	載	359
local god	祇	2600
location	場	545
lock	錠	383
lofty	尭	2095
logic	理	265
loins	腰	1605
loneliness	寂	720
long	長	1920
long time	久	1016
long-distance	距	1281
longevity	寿	1565
longevity [old]	壽	2995
longing	欲	792
longing [old]	慾	2984
longness	竪	2618
look after	伽	2115
look back	顧	1084
look to	臨	854
loose	漫	830
loosen	弛	2242
loquat	枇	2519
lord	主	266
lose	失	845
lose weight	痩	2577
lot	壌	1529
lottery	籤	2082
lotus	蓮	2360
lotus blossom	蓉	2362
lotus flower	芙	2361
love	愛	737
lovely	麗	2002
lower	低	1831
lowly	卑	1511
loyalty	忠	602
lucidity	澄	1704
lull	凪	2140
lumber	材	683
lunar month	皐	2070
lunatic	狂	260
lungs	肺	414
lute	琶	2913
luxuriant	繁	1337
lye	鹸	2867
mackerel	鯖	2820
madder red	茜	2407
made in...	製	419
magistrate	卿	2898
magnet	磁	1390
mahjong tiles	牌	2873
mail	郵	1847
majestic plural	朕	2027
make	作	1142
make a deal	商	439
make a profit	儲	2118
make amends	悛	2059
make do	做	2132
make headway	捗	2269
male animal	牡	2552
male/man	男	859
mallet	樵	2478
malt	麹	2753
mama	母	101
mandala	曼	2100
mandarin orange	橘	2494
mandate	掟	3007
maneuver	操	671
manipulate	掌	801
mannerism	癖	1691
many	多	108
map	図	1180
maple tree	楓	2471
marine blue	瑠	2555
market	市	412
marketing	販	726
marquis	侯	1639
marriage	婚	1830
marrow	髄	1290
marry into	嫁	542
marsh	沼	137
martyrdom	殉	809
masculine/male	雄	743
mask	面	1892
masses	衆	1857
mate	倶	2124
matrimony	姻	584
matter	事	1156
mausoleum	陵	1518
me	僕	1794
meadow	原	134
meal	飯	1473
measles	疹	2574
measurement	寸	45
measuring box	升	42
meat	肉	1022
mechanism	機	1382
mediator	媒	1761
medicine	薬	1736
mediocre	凡	62
meeting	会	752
melancholy	憂	616
mellow	熟	310
melodious	朗	1469
melon	瓜	1877
melt	溶	791
membrane	膜	233
memorial	偲	2129
memorize	覚	325
menacing/upbraid	嚇	2026
mend	綴	2073
mention	述	1524
mercy	慈	1389
merit	効	1276
meritorious deed	勲	1677
metallurgy	冶	2137
metaphor	喩	3009
method	法	751
metropolis	都	1846
mid-air	宙	1109
mile	哩	2950
military officer	尉	1095
milk	乳	729
mill	碓	2596
millet	黍	2605
millimeter	粍	2948
mimeograph/facsimile	謄	1211
mimic	擬	1411
mineral	鉱	741
mingle	交	1275
minstrel	伶	2112
mirror	鏡	483
miscellaneous	雑	562
miso	噌	2177
miss	喪	1926
mistake	誤	1899
mistress	嬬	2203
mix	混	450
moat	濠	2306
mochi	餅	2802
model	塑	1960
modest	遜	2422
moisten	渥	2320
moment	刹	2144
monk	裟	2701
monkey	猿	403
monme	匁	1027
month	月	13
moo	牟	2961
more and more	弥	2241
moreover	且	2034
morning	朝	52
morrow	晨	2443
mortar	臼	2063
mosquito	蚊	1728
moss	苔	2356
moth	蛾	2694
mother-in-law	姑	2205
mottled	彪	2876
mould	型	680
mountain	山	768
mountain peak/mountain pass	峠	773
mountain stream	渓	840
mountaintop	嶺	2228
mourning	忌	599
mouse	鼠	2065
mouth	口	11
move	動	1676
mow	苅	2387
moxa	灸	2538
mud	泥	1055
mulberry	桑	698
murky	暝	2843
muscle	筋	941
mushroom	茸	2394
music	楽	1735
musical score	譜	1787
mustard	芥	2376
muster	揃	2255
mutually	互	757
my son	倅	2131
myself	俺	2058
mysterious	玄	1383
nab	捉	2260
nail	釘	2766
naked	裸	1124
name	名	112
national flag	旗	1764
nativity	誕	393
nautical mile	浬	2951
navigate	航	1870
navy blue	紺	1758
near	近	1129
neck	首	70
neck and throat	頚	2796
need	要	1604
needle	針	274
negate	否	1218
negative	不	1217
neglect	怠	745
neighboring	隣	1311
nephew	甥	2910
nest	巣	1927
nestle	栖	2497
netting	網	1373
new	新	1502
newborn babe	児	58
next	次	471
nickname	号	1242
niece	姪	2201
nifty	凄	2133
night	夜	1037
nightbreak	旦	30
nightfall	晩	1974
nightingale	鴬	2907
nine	九	9
nitrate	硝	115
node	節	1464
nonplussed/visit	参	1720
noodles	麺	2752
nook	隈	2427
noon	午	568
north	北	445
nose	鼻	678
not	勿	1049
not yet	未	216
notebook	帳	1922
nothingness	無	1775
nourishing	滋	1388
now	今	1587
nucleus	核	1520
numb	萎	2355
number	数	929
nun	尼	1054
oak	柏	199
oar	梶	2502
obeisance/auxiliary	陪	1299
obeisant	穆	2612
obese	肪	494
obey	順	129
obituary	訃	3010
obscure	昧	2445
observance/dedicate	奉	1573
obstacle	碍	2592
obvious	瞭	2582
occasion	際	1296
occupation	営	1034
ocean	洋	549
octopus	蛸	2690
of	之	1214
offering	献	1615
officer	吏	693
offspring	甫	2097
oil	油	1107
ointment	膏	2923
old	古	16
old Kyoto	洛	2302
old boy	君	1162
old man	老	1251
old woman	婆	804
olden times	旧	35
on the verge of	瀕	2305
once upon a time	昔	1184
one	一	1
one-sided	片	1212
oneself	自	36
onion	葱	2389
only	只	53
ooze	泌	636
open	開	1622
open sea	沖	138
or again	又	696
orchid	蘭	2363
orderliness	諧	3012
orders	令	1401
organize	整	1670
ornate	綺	2667
orphan	孤	1879
other	他	961
ought	須	1718
outburst	暴	1801
outline	概	1482
outlook	観	572
outpost	站	2620
outside	外	111
outskirts	郊	1844
outstanding	擢	2272
overall	統	1347
overarching	昴	2435
overcome	克	104
overdo	過	1293
overflow	濫	1454
overgrown	茂	360
overhang	庇	2236
overjoyed	嬉	2207
overnight	泊	147
overpowering	豪	543
oversee	監	1453
overthrow	倒	980
overturn	顛	2789
owl	梟	2837
oyster	蛎	2697
packed	詰	343
paddy-field ridge	畦	2571
paddy-ridge	畔	1204
page	頁	60
pagoda	塔	254
pain	痛	1690
paint	塗	1663
pair	双	697
palanquin	輿	2860
pale blue	蒼	2399
palisade	柵	2507
pan	汎	2327
panther	豹	2734
paper	紙	1829
parable	譬	2728
paragraph	項	82
parakeet	鸚	2830
paralysis	痺	2579
parasol tree	梧	3003
parcel post	逓	1858
parch	燥	215
pardon	赦	1744
parent	親	1504
park	園	585
park [alternate]	薗	2974
parrot	鵡	2831
parsley	芹	2396
part	分	781
partial	偏	1823
particularly	殊	810
partition	頒	783
partner	侶	2121
parts of speech	詞	1865
party	党	797
pass through	邁	2970
paste	糊	2650
patent	彰	1715
path	路	1282
pathetic	哀	401
patrol	巡	285
patronage	寵	2982
pattern	範	1413
paulownia	桐	204
pavilion	亭	311
pay	払	738
pay respects	伺	1864
peaceful	泰	1570
peach tree	桃	236
pear tree	梨	907
pearl	珠	258
peck at	啄	2168
pedestal	台	744
peek	覗	2875
peel off	剥	2145
peep	窺	2613
pelt	皮	802
penal	懲	888
penalty	罰	833
penetrate	徹	886
penitential	懺	2083
pennant	幟	2233
people	民	1834
peregrine falcon	隼	2879
perfect	完	187
performance	演	2007
performing artist	伎	2122
perfume	芳	493
period	期	1765
permanence/remote	悠	958
permit	許	569
persimmon	柿	2481
person	人	951
person in charge	係	1392
persuade	勧	864
perusal	覧	855
petition	願	135
petting	撫	2270
phantasm	幻	1862
pheasant	雉	2584
philosophy	哲	1131
phlegm	痰	2573
phoenix	鳳	2142
phosphorus	燐	2052
phrase	句	65
pick	採	733
pick up	拾	667
picket	杭	2484
pickling	漬	1545
picture	絵	1346
piebald	騨	2804
pierce	貫	102
pig-iron	銑	270
pigeon	鳩	1946
piled high	堆	2185
pillage	掠	2247
pillar	柱	268
pillow	枕	2472
pinch	摘	657
pine tree	松	785
pining	慕	633
pioneer	魁	2924
pipe	管	1273
pit	坑	306
pitch dark	闇	2777
pity	惜	1187
place	所	1127
place on the head	頂	94
placement	置	832
placenta	胞	531
plains	野	1596
plains [old]	埜	2979
plan	案	214
plane	削	118
plank	板	724
plant	植	205
plantain	芭	2386
plantation	栽	358
play	遊	1047
play music	奏	1571
pleasure	愉	628
pleated skirt	袴	2626
pledge	契	1549
plentiful	夥	2943
pliable	靭	2786
plot	計	337
plotosid	樗	2526
plow	鋤	2756
pluck	抽	1106
plug	栓	264
plug up	窒	1321
plum	梅	460
plump	太	120
pocket	懐	828
podium	壇	587
poem	詩	346
pointed	鋭	500
poison	毒	1531
pole	竿	2632
poles	極	1903
polish	研	675
polite	諄	2706
politics	政	381
pond	池	516
ponder	惟	2276
pongee	紬	2666
pony	駒	1979
pop song	唄	2178
pork	豚	538
port	湊	2309
portable	携	687
portent	兆	235
possess	有	79
possessed	憑	2428
post	職	824
posture	構	1818
pot	鍋	2757
potato	芋	1655
pottery	陶	1966
pour	注	267
poverty	貧	782
power	力	858
pox	痘	1684
practice	練	1343
praise	褒	998
pray	祈	1128
precious	貴	1771
precious stone	瑶	2553
precipitous	険	1672
preface	序	1594
prefecture	県	513
pregnancy	妊	507
present	現	259
presents	贈	503
press down on	按	2259
pressing	逼	2420
pressure	圧	152
prevarication	詑	2718
previously	既	1481
price	値	978
princess	姫	849
printing	刷	1069
printing block	版	1213
prison	獄	338
private	私	902
prize	賞	796
proceed	赴	386
proclaim	宣	188
prodigal	蕩	2357
products	産	1560
profit	利	906
progress	晋	2436
prohibition	禁	1098
prolong	延	392
promise	約	1362
promontory	崎	778
property	財	682
proportion	割	1553
propose	提	665
prosperous	昌	25
prostrated	伏	962
protect	保	997
protein	蛋	2683
proverb	諺	2723
provisions	糧	926
prudence	慮	1996
pruning	剪	2941
public	公	784
public chamber/hall	堂	798
publish	刊	1650
pull	引	1232
pull through	凌	2136
punish	刑	679
pup	狗	2341
pupil	瞳	437
pure	清	1539
purification	斎	1732
purple	紫	1375
purple willow	楊	2473
pursue	逐	539
pus	膿	2455
push	押	1114
put up (a notice)	掲	673
quack	薮	2403
quaff	呑	2080
quake	震	2010
quandary	困	579
quantity	量	177
quarrel	嘩	2160
quasi-	准	560
queen	妃	527
query	訊	2713
question	問	1617
quick	速	1669
quickwitted	怜	2278
quiet	静	1540
quill	翰	2780
quire	帖	2231
quit	罷	2032
quote	云	2102
rabbit	兎	2093
racoon dog	狸	2338
radiance	輝	302
raft	筏	2629
railing	堵	2192
rain	雨	422
rainbow	虹	520
raise	挙	1938
range	域	356
rank	位	955
rapidly	疾	1686
rapids	瀬	1666
rare	珍	1723
rather	寧	834
ratio	率	1737
rattan box	箪	2631
raw cotton	棉	2512
ray	光	119
re-	戻	1081
reach out	及	688
read	読	348
reality	実	1572
reap	刈	1488
rebellion	叛	2902
rebuke	諭	352
rebuttal	駁	2808
receive	享	308
receptable	托	2264
recess	憩	611
recitation	詠	345
recollection	憶	632
recommend	薦	2000
record	録	1144
recreation	娯	1898
recruit	募	861
rectify	矯	1221
red	赤	1743
redaction	纂	2641
reed	荻	242
reef	礁	558
refined	精	1535
reflect	映	1742
reformation	改	528
refreshing	涼	313
refulgent	灼	2544
regiment	隊	1306
register	簿	949
regret/resentment	恨	1460
regularity	秩	903
reign	治	746
reinforce	輔	2730
reject	斥	1138
rejoice	喜	1445
relatives	戚	2882
relax	安	190
reliant	依	971
religion	宗	1100
remainder	残	808
remains	骸	2874
remonstrate	諌	2708
remorse	憾	631
remote	遼	2419
remove	撤	760
rend	破	806
renowned	著	1258
reparation	償	985
repast	餐	2798
repay	酬	1432
repeatedly	頻	373
repel	拒	857
repent	悔	625
report	報	1507
repose	靖	2621
reprehend	咎	2156
repress	抑	1700
repudiate	排	1634
reputation	誉	1939
request	求	934
research	究	1320
resemblance	肖	114
reserved	虔	2868
reside	居	1063
residence	邸	1841
resign	辞	1497
resist	抵	1832
respect	恭	1803
respect for elders	悌	2283
responsibility	任	1003
rest	休	965
restore	復	875
resucitate	甦	2940
resurrect	蘇	2380
retainer	臣	848
retch	嘔	2999
retreat	退	1465
return	返	725
revelation	告	247
revered	尊	1439
review	閲	1618
revile	蔑	2390
revise	訂	339
revolve	転	420
rhinoceros	犀	2069
rhyme	韻	481
rhythm	律	874
ri	里	173
rib	肋	2463
rice	米	919
rice bran	糠	2652
rice field	田	14
rice gruel	粥	2243
rice plant	稲	910
rice-field footpath	畷	2072
riddle	謎	2709
ride	乗	1585
ridgepole	棟	505
ridicule	慢	829
right	右	78
righteousness	義	641
rin	厘	178
ring	環	836
rinse	洒	2292
riot	乱	72
rise up	昇	43
rising sun	旭	27
risk	冒	18
ritual	祭	1102
river	河	146
river pool	瀞	2323
rivet	鋲	2763
road-way	道	277
roast	煎	2548
rob	奪	566
robust	壮	321
roc	鵬	2829
rocksalt	鹵	2866
rocky	嵯	2230
rocky beach	磯	2594
rod	棒	1575
romance	恋	1748
roof	屋	1058
roofbeam	梁	2299
room	室	754
roost	棲	2496
root	根	1461
rose of Sharon	舜	2915
rot	腐	1023
rotation	旋	1046
rough seas	灘	2321
round	丸	44
rouse	起	526
route	途	1661
row	並	1785
rowboat	艇	1876
rowing	漕	1175
rub	抹	644
rubbing	摺	2258
rubbish	屑	2219
rudder	舵	2674
rue	慨	1483
rugged mountains	崚	2225
rule	則	88
ruled lines	罫	2698
rumble	轟	2729
rumor/explanation	説	499
run	走	384
run alongside	沿	795
rush	馳	2805
rush mat	菰	2383
rust	錆	2771
rust-colored/cinnabar	丹	2038
rustling	颯	2619
rut	軌	288
sabre/saber	剣	1671
sack	袋	1006
sacred Shinto tree	榊	2490
sacrifice	犠	643
sad	悲	1635
saddle	鞍	2782
saddle straps	鞘	2784
safeguard	護	700
sagacious	俊	1014
sail	帆	406
sake	酒	1428
salarium	禄	2602
salary	給	1349
saliva	唾	2165
salmon	鮭	2815
salt	塩	1458
salute/salutation	礼	1087
salvation	救	936
same	同	180
sand	砂	117
sandalwood	檀	2525
sandwiched	挟	1267
sapience	叡	2905
sardine	鰯	2813
sash	帯	415
sated	飽	1480
savings	貯	194
say	言	335
sayeth	曰	578
scaffold	桟	367
scaled	鱗	2054
scar	痕	2578
scarlet	緋	2659
scatter	散	1189
scenery	景	314
scheme	策	948
scissors	鋏	2773
scold	叱	2179
scorn	侮	989
scout	哨	2154
scratch	掻	2252
screw	螺	2691
scribe	記	529
scroll	巻	1207
scurry	趨	2086
sea	海	461
sea bream	鯛	2812
seacoast	浜	1332
seagull	鴎	2828
seal	封	156
search	捜	1120
seasons	季	912
seat	席	1193
seaweed	藻	2035
seclude/faint	幽	1380
second	秒	899
secrecy	密	775
secret	秘	904
secret agent	諜	2726
section	部	1845
sedge	菅	2410
sediment	澱	2300
seduce	召	86
see	見	57
seedling	苗	234
seep	滲	2291
seethe	沸	1237
seize	獲	701
self	己	525
self-effacing	謙	1600
selfish	恣	3014
sell	売	323
semi-	準	564
send back	還	837
sensitive	恕	2434
sentence	文	1725
separate	別	90
sequential	循	1854
set	据	1064
set aside	措	1188
set free	放	496
set straight	匡	2892
settlement	納	1356
settlings	粕	2648
seven	七	7
severance	断	1136
sew	縫	1563
sex	性	1558
shade	陰	1592
shadow	影	1712
shake	振	2011
shaku	尺	1070
shallow	浅	369
shalt	莫	2105
sham/provisional	仮	966
shame	恥	823
shape	形	1711
shark	鮫	2821
sharp	冴	2134
sharp point	尖	2903
shave	剃	2146
sheep	羊	547
sheet of...	枚	332
shelf	棚	202
shellfish	貝	54
shield	盾	1853
shift	移	898
shimmering	耀	2880
shin	脛	2989
shingling	葺	2392
shining	昭	87
ship	船	1874
shire	庄	2238
shish kebab	串	603
shoes	靴	1894
shoot	射	1249
shop	舗	1839
shop [alternate]	鋪	2975
short	短	1442
should	筈	2646
shoulder	肩	1077
shouldering	担	668
shout	叫	1508
shove	挨	2248
show	示	1086
shrimp	蝦	2689
shrink	縮	1336
shrouded	掩	2057
shudder	慄	3024
sickle	鎌	1599
side	側	975
side gate	閤	2776
sides of the mouth	吻	2174
sideways	横	1751
sigh	嘆	1579
sign of the bird	酉	1427
sign of the cow	丑	2040
sign of the dragon	辰	2008
sign of the hare	卯	2041
sign of the hog	亥	1519
sign of the snake	巳	2042
sign of the tiger	寅	2006
signature	署	1259
signpost	標	1608
silence	黙	240
silicon	珪	2564
silk	絹	1368
silkworm	蚕	523
silver	銀	1459
simple	単	1928
simplicity	簡	1621
sincerity	誠	363
single	独	522
sink	沈	1888
sire	紳	1361
sitting in mediation	坐	2844
six	六	6
skeleton	骨	1288
sketch	描	670
skids/shins	脚	1396
skill	技	712
skin	膚	1992
skirt	裳	800
slacken	緩	1952
slander	誹	2724
slap	撲	1793
slaughter	劉	2143
slave	隷	2036
sled	橇	2521
sleep	眠	1835
sleeve	袖	1108
slender	繊	1790
slender bamboo	篠	2639
sliding door	襖	2627
slip out	抜	705
slippery	滑	1289
slope	坂	723
slow	遅	1067
sly	猾	2335
small bell	鈴	1406
small craft	艘	2068
smash	砕	116
smoke	煙	1612
snake	蛇	519
snapping turtle	鼈	3000
snapshot	撮	822
sniff	嗅	3008
snore	鼾	2944
snow	雪	1143
so-and-so	某	1759
so-called	謂	2725
soar	翔	2933
sociable	懇	1970
soft	軟	470
soil	土	150
soldier	兵	1331
solely	唯	556
solemn	粛	1733
solicit	請	1536
solitude	淋	2310
solution	答	947
somebody	身	1248
someone	者	1256
son	郎	1851
song	歌	469
soot	煤	2541
soothe	宥	2210
sorceress	巫	2930
sort	類	931
sort of thing	然	241
soul	魂	2021
sound	音	479
soup	汁	140
source	源	142
souse	潅	2314
south	南	1613
southeast	巽	2861
sovereign	帝	435
sowing	蒔	2395
soy sauce	醤	2746
span	亘	32
span [old]	亙	2985
spare time	暇	1882
sparkle	晶	22
sparrow	雀	2878
sparse	稀	2611
spatula	箆	2633
speaketh	申	1117
special	特	246
specialty	専	46
species	種	1679
specimen	鑑	1455
speckled	斑	2556
sphere	圏	1208
spicy	辛	1496
spin a tale	噺	2176
spinal column	脊	2071
spindle	錘	1584
spindle tree	柾	2489
spine	呂	24
spinning	紡	1357
spiny	梗	2498
spirit	気	1885
spirits	霊	1791
spit	吐	151
splash	沫	218
splendor	華	1581
split	裂	813
split up	訣	2714
spoils	捷	2273
spoke	輻	2731
sponsor	催	987
spoon	匕	444
spot	点	169
sprain	挫	2845
spray	溌	2307
spread	敷	1883
spring	泉	133
springtime	春	1568
sprinkle	撒	2271
spy	偵	981
squad	班	1229
square jewel	圭	155
squat/sit	座	1024
squeeze	搾	1324
stab	突	1319
stagnate	滞	416
stalk	茎	715
stalwart	毅	2889
stamen	蕊	2393
stammer	吃	2175
stamp	印	1425
stand up	立	431
standard	規	841
standstill	逗	2423
star	星	1556
star-anise	樒	2532
stare	眺	237
start	孟	2872
starve	餓	1476
state	州	128
stately	凛	2138
station	駅	1984
stationary	箋	2991
statue	像	1977
stature	背	446
status	格	292
status quo	状	239
steadily	漸	1135
steal	盗	1451
stealth	窃	1322
steam	蒸	1900
steed	駿	2060
steel	鋼	1962
steep	峻	2061
step	踏	1287
stern	厳	1936
stew	烹	2549
sticky	粘	921
stiff	硬	695
stimulate	促	1280
stinking	臭	122
stipend	俸	1574
stirred up	奮	565
stocks	株	222
stole	袈	2700
stomach	胃	29
stone	石	113
stop	止	370
stop short	已	2937
stop-over/parking	駐	1982
store	店	588
storehouse	蔵	850
storey	階	1309
storm	嵐	777
straddle	跨	2744
straightaway	直	73
strainer	濾	2328
strand	渚	1263
strange	奇	126
strangle	絞	1348
stratum	層	1065
straw	藁	2400
straw raincoat	蓑	2354
straw rope	縄	1377
strawberry	苺	2350
stream	川	127
street	丁	91
strengthen	彊	2240
stretcher	駕	2803
strict	堅	853
strike	打	653
string	紐	2661
stripe	縞	2671
strong	強	1235
strong saké	醇	2751
strung together	聯	2676
stubborn	頑	61
study	学	324
stuff up	填	2190
stumble	躓	2740
stupid	痴	1683
sturdy	剛	1964
sturdy oak	橿	2509
style	式	353
subjugate	征	881
submerge	潜	844
submit	供	1796
subscription	購	1817
substance	質	1137
substitute	代	1005
suck	吸	689
suckle	哺	3027
suckling infant	嬰	2193
sue	訟	787
suffering	苦	225
sugar	糖	1158
suit of armor	鎧	2076
suitable	適	441
sulphur	硫	763
sultry	暑	1260
summarize	纏	2663
summer	夏	296
summit	峰	1562
summit [alternate]	峯	2977
summons	聘	2678
sunshine	陽	1300
superfluous	冗	300
superintend	宰	1499
supinate	臥	2909
supplement	補	1840
suppose	存	684
surface	表	1546
surname	姓	1557
surpass	越	387
surplus	剰	1586
surround	囲	1807
sushi	鮨	2826
suspend	懸	1394
suspicious	怪	716
sutra	経	1360
swallow	燕	2869
swamp	沢	1072
sweat	汗	1651
sweep	掃	1152
sweet	甘	1757
sweet oak	椎	2505
sweet potato	藷	2402
sweet smelt	鮎	2817
sweets	飴	2801
swell	膨	1719
swift	迅	280
swim	泳	136
swing	揺	1967
swirling waters	洵	2290
sword	刀	83
sword	鋒	2768
symmetrically patterned	斐	2897
sympathize with	憐	2051
symptoms	症	1685
synthesis	綜	2660
system	制	418
tag	札	212
tail	尾	1915
tailor	裁	397
take	取	819
take along	連	287
tale	話	344
tall	高	307
tame	馴	2807
tariff	租	1778
task	務	1227
tassel	房	1078
tatami mat	畳	1784
tax	税	895
tea	茶	252
teach	教	1254
teacup	碗	2591
teardrops	泪	2294
tears	涙	1082
technique	芸	421
technique [old]	藝	2352
tempering	錬	2030
temple grove	杜	2500
temporarily	暫	1134
tempt	唆	766
ten	十	10
ten thousand	万	64
ten thousand [old]	萬	2969
tenacious	執	1506
tender	柔	1226
tenderness	優	993
tendril	蔓	2359
tenebrous	黎	2935
tense	緊	1374
terminate	鞠	2787
test	試	354
testicle	睾	2929
texture	肌	66
thatching	苫	2397
the following	翌	575
thick	厚	125
thigh	股	2454
thin	淡	164
thing	物	1050
think	思	605
third class	丙	1020
thirst	渇	451
this	斯	2890
this here	此	2043
thong	緒	1344
thorn	刺	417
thornbush	棘	2938
thou	汝	2303
thousand	千	40
thread	糸	1333
threaten	脅	871
three	三	3
throat	喉	2164
throw	投	706
thunder	雷	425
thwart	阻	1780
ticket	券	1206
tide	潮	141
tie	結	1351
ties	絆	2658
tiger	虎	1990
tight	窄	2614
tighten	締	1340
tile	瓦	1031
till	耕	1808
timber-trees	樹	1446
time	時	159
tin	錫	2764
tin can	缶	1965
tinker with	弄	2558
tinkling	玲	2568
tobacco	莨	2347
together	共	1795
toil	努	865
token	符	1001
tolerant	寛	226
tomb	墳	1198
tomb sanctuary	廟	2239
tombstone	碑	1512
tome	冊	1826
ton	噸	2949
tongue	舌	41
too much	余	1657
tool	具	74
tooth	歯	1171
topic	題	389
torch	炬	2536
tortoise	亀	534
torture	拷	1255
touch	接	672
tough	逞	2971
towel	巾	2101
tower	閣	1624
town	村	208
toy	玩	2567
track down	辿	2413
tracks	跡	1746
trade	貿	1424
traffic	通	1408
trail	踪	3019
training	稽	2088
tranquilize	鎮	276
transcend	超	385
transcription	疏	2922
transfer/alternate	迭	847
transit	渡	1195
transition	遷	1610
translate	訳	1073
translucent	亮	2920
transmit	伝	963
transparent	透	915
transport	輸	289
tray	盤	1872
tread	践	1286
treasure	宝	257
tree	木	195
tree-trunk	幹	1654
treetops	梢	201
tremendously	甚	1768
tribe	族	1222
tribute	貢	81
trickle	雫	2778
trifle	僅	2116
trim	薙	2353
trip	旅	1048
tripod	鼎	2865
triumph	凱	2077
trouble	悩	1935
trout	鱒	2814
true	真	75
trunk	胴	182
truss	縛	1376
trust	頼	1665
tryst	逢	2417
tug	牽	2550
tumor	腫	2467
tuna	鮪	2816
tune	調	349
turf	芝	1216
turn	番	1909
turn into	成	361
turnip	蕪	2401
turret	櫓	2508
tusk	牙	1904
twenty	廿	1190
twig	条	298
twine	綸	2656
twinkle	燿	2534
twirl	撚	2266
twist	糾	1509
two	二	2
two-mat area	坪	1486
tyrannize	虐	1998
ugly	醜	2020
umbrella	傘	1026
un-	非	1632
uncivilized	胡	2470
uncle	叔	718
uncommon	異	1797
undefiled	潔	1548
understandably	尤	2087
undertake	企	375
undress	脱	498
uneasiness	虞	1995
unfold	展	1925
unhulled rice	籾	2651
universal	普	1786
unlucky	厄	1415
unravel	解	1814
until	迄	2421
unusual	変	1745
upbringing	躾	2942
upright	貞	55
urge	迫	282
urine	尿	1053
use	使	990
usual	常	799
utensil	器	121
utilize	用	1181
utmost	最	821
vague	漠	230
valley	谷	788
value	価	1603
valve	弁	742
vapor	汽	1886
various	諸	1261
vast	弘	1234
vat	槽	1176
vegetable	菜	734
vegetable patch	圃	2918
vein	脈	1856
vendetta	讐	2707
venerable old man	翁	786
venison	宍	2216
verification	験	1980
verify	諒	2710
vermilion	朱	221
versify	吟	1589
vertical	縦	1338
vessels	隻	699
vestiges	蹟	2743
vicarious	摂	1739
vice-	副	89
victory	勝	1209
vie	競	434
villa	荘	322
village	町	92
villain	凶	1490
vine	蔦	1945
vinegar	酢	1434
violate	姦	2194
violent	激	497
violet	菫	2099
virtuous	善	1035
vis-a-vis	対	1726
viscera	腑	2456
visit a shrine	詣	2715
voice	声	1896
voiced	濁	835
void	虚	1993
volume	積	1543
vow	誓	1133
vulgar	俗	968
wait	待	879
waiter	侍	976
walk	歩	371
wall	壁	1500
wandering	浪	1470
war	戦	1929
ward	区	1696
ward off	防	1302
wardrobe	笥	2635
warehouse	庫	589
warm	温	1452
warmth	暖	1949
warped	歪	2862
warrior	武	377
warship	艦	1875
wash	洗	249
watch over	看	638
watchfire	燎	2535
watchtower	楼	930
water	水	130
water	汀	2312
waterfall	滝	537
waves	波	803
wax	蝋	2688
weak	弱	1236
wealth	富	193
weave	織	1334
wee hours	宵	189
week	週	318
weekday	曜	576
welcome	迎	1702
weld	錮	3013
welfare	祉	1091
well	井	1806
well finished	婉	2197
west	西	1602
wet	潤	1627
whale	鯨	315
wharf	埠	2189
what	何	1012
wheel	輪	1822
wherefore	由	1105
whetstone	砺	2595
whey	醍	2747
whip	鞭	2783
whirlpool	渦	1292
whisper	囁	2157
whit	些	2046
white	白	37
who?	誰	2712
whole	全	263
wholesale	卸	1397
wick	芯	2368
wicked	邪	1906
wide	広	739
widespread	氾	2301
widow	寡	617
wife	妻	1889
wild duck	鴨	2835
wild goose	雁	2150
wild mulberry	柘	2517
willow	柳	1421
wilt	凋	2135
wince	怯	2275
wind	風	524
winding	繰	1369
window	窓	749
windpipe	咽	2159
wing	翼	1798
wink	瞬	817
winnow	簸	2647
winnowing fan	箕	2643
winter	冬	427
wipe	拭	2254
wisdom	智	1224
wish	念	1590
wisteria	藤	1210
witch	魔	2022
with child	娠	2012
withdraw	控	1318
wither	枯	206
within	於	2900
within my ability	叶	2173
without exception	悉	2430
withstand	堪	1770
wolf	狼	2339
woman	女	98
womb	胎	748
wonder	驚	1987
wooden bowl	椀	2487
wooden hammer	槌	2477
wooden ladle	杓	2510
wooden pestle	杵	2503
wooden spoon	匙	2891
word	語	347
work	働	1678
work a field	佃	2111
world	界	251
wormwood	蓬	2375
worship	拝	1564
wound	傷	996
wrap	包	530
wrenching	捻	2251
wretched	惨	1721
write	書	327
writing brush	筆	943
yam	薯	2365
yank	拉	3017
year	年	1036
year-end	歳	512
yearn	憧	2280
yell	喚	1042
yellow	黄	1750
yesterday	昨	1140
yield	屈	1060
yonder	向	183
young	若	223
young miss	姐	2206
younger brother	弟	1240
younger sister	妹	220
zelkova	槻	2527
zero	零	1402
